id;name;description
951;Car501;Car501
952;Car502;Car502
953;Car503;Car503
954;Car504;Car504
955;Car505;Car505
956;Car506;Car506
957;Car507;Car507
958;Car508;Car508
959;Car509;Car509
960;Car510;Car510
961;Car511;Car511
962;Car512;Car512
963;Car513;Car513
964;Car514;Car514
965;Car515;Car515
966;Car516;Car516
967;Car517;Car517
968;Car518;Car518
969;Car519;Car519
970;Car520;Car520
971;Car521;Car521
972;Car522;Car522
973;Car523;Car523
974;Car524;Car524
975;Car525;Car525
976;Car526;Car526
977;Car527;Car527
978;Car528;Car528
979;Car529;Car529
980;Car530;Car530